{
  "IcoMoonType": "selection",
  "icons": [
    {
      "icon": {
        "paths": [
          "M0 486.4h1024v51.2h-1024v-51.2z"
        ],
        "attrs": [
          {}
        ],
        "isMulticolor": false,
        "isMulticolor2": false,
        "grid": 0,
        "tags": [
          "minus"
        ]
      },
      "attrs": [
        {}
      ],
      "properties": {
        "order": 22,
        "id": 1,
        "name": "minus",
        "prevSize": 32,
        "code": 59654
      },
      "setIdx": 0,
      "setId": 6,
      "iconIdx": 0
    },
    {
      "icon": {
        "paths": [
          "M486.4 0h51.2v1024h-51.2v-1024z",
          "M0 486.4h1024v51.2h-1024v-51.2z"
        ],
        "attrs": [
          {},
          {}
        ],
        "isMulticolor": false,
        "isMulticolor2": false,
        "grid": 0,
        "tags": [
          "plus"
        ]
      },
      "attrs": [
        {},
        {}
      ],
      "properties": {
        "order": 21,
        "id": 0,
        "name": "plus",
        "prevSize": 32,
        "code": 59658
      },
      "setIdx": 0,
      "setId": 6,
      "iconIdx": 1
    },
    {
      "icon": {
        "paths": [
          "M37.926 470.281h1517.037v75.852h-1517.037v-75.852z",
          "M515.793 1024l-515.793-515.793 515.793-508.207 53.096 53.096-462.696 455.111 462.696 462.696z"
        ],
        "attrs": [
          {},
          {}
        ],
        "width": 1555,
        "isMulticolor": false,
        "isMulticolor2": false,
        "grid": 0,
        "tags": [
          "left arrow_s"
        ]
      },
      "attrs": [
        {},
        {}
      ],
      "properties": {
        "order": 16,
        "id": 6,
        "name": "left-arrow_s",
        "prevSize": 32,
        "code": 59652
      },
      "setIdx": 3,
      "setId": 3,
      "iconIdx": 0
    },
    {
      "icon": {
        "paths": [
          "M0 477.867h1517.037v75.852h-1517.037v-75.852z",
          "M1046.756 1024l-53.096-53.096 455.111-455.111-455.111-462.696 53.096-53.096 508.207 515.793z"
        ],
        "attrs": [
          {},
          {}
        ],
        "width": 1555,
        "isMulticolor": false,
        "isMulticolor2": false,
        "grid": 0,
        "tags": [
          "right arrow_s"
        ]
      },
      "attrs": [
        {},
        {}
      ],
      "properties": {
        "order": 17,
        "id": 5,
        "name": "right-arrow_s",
        "prevSize": 32,
        "code": 59653
      },
      "setIdx": 3,
      "setId": 3,
      "iconIdx": 1
    },
    {
      "icon": {
        "paths": [
          "M0 477.867h3109.926v75.852h-3109.926v-75.852z",
          "M2639.644 1024l-53.096-53.096 455.111-455.111-455.111-462.696 53.096-53.096 508.207 515.793z"
        ],
        "attrs": [
          {},
          {}
        ],
        "width": 3148,
        "isMulticolor": false,
        "isMulticolor2": false,
        "grid": 0,
        "tags": [
          "right arrow_s-1"
        ]
      },
      "attrs": [
        {},
        {}
      ],
      "properties": {
        "order": 18,
        "id": 4,
        "name": "right-arrow_s-1",
        "prevSize": 32,
        "code": 59655
      },
      "setIdx": 3,
      "setId": 3,
      "iconIdx": 2
    },
    {
      "icon": {
        "paths": [
          "M68.267 470.281h3079.585v75.852h-3079.585v-75.852z",
          "M508.207 1024l-508.207-515.793 508.207-508.207 53.096 53.096-455.111 455.111 455.111 462.696z"
        ],
        "attrs": [
          {},
          {}
        ],
        "width": 3148,
        "isMulticolor": false,
        "isMulticolor2": false,
        "grid": 0,
        "tags": [
          "left arrow"
        ]
      },
      "attrs": [
        {},
        {}
      ],
      "properties": {
        "order": 19,
        "id": 3,
        "name": "left-arrow",
        "prevSize": 32,
        "code": 59656
      },
      "setIdx": 3,
      "setId": 3,
      "iconIdx": 3
    },
    {
      "icon": {
        "paths": [
          "M728.615 354.462c-11.815 0-19.692-7.877-19.692-19.692v-256c0-19.692-19.692-39.385-39.385-39.385h-315.077c-19.692 0-39.385 19.692-39.385 39.385v256c0 11.815-7.877 19.692-19.692 19.692s-19.692-7.877-19.692-19.692v-256c0-43.323 35.446-78.769 78.769-78.769h315.077c43.323 0 78.769 35.446 78.769 78.769v256c0 11.815-7.877 19.692-19.692 19.692z",
          "M1004.308 866.462h-984.615c-11.815 0-19.692-7.877-19.692-19.692s7.877-19.692 19.692-19.692h984.615c11.815 0 19.692 7.877 19.692 19.692s-7.877 19.692-19.692 19.692z",
          "M78.769 1024c-43.323 0-78.769-35.446-78.769-78.769v-689.231c0-11.815 7.877-19.692 19.692-19.692h984.615c11.815 0 19.692 7.877 19.692 19.692v689.231c0 43.323-35.446 78.769-78.769 78.769h-866.462zM39.385 275.692v669.538c0 19.692 19.692 39.385 39.385 39.385h866.462c19.692 0 39.385-19.692 39.385-39.385v-669.538h-945.231z"
        ],
        "attrs": [
          {},
          {},
          {}
        ],
        "isMulticolor": false,
        "isMulticolor2": false,
        "grid": 0,
        "tags": [
          "shopping-bag"
        ]
      },
      "attrs": [
        {},
        {},
        {}
      ],
      "properties": {
        "order": 20,
        "id": 0,
        "name": "shopping-bag",
        "prevSize": 32,
        "code": 59657
      },
      "setIdx": 3,
      "setId": 3,
      "iconIdx": 4
    },
    {
      "icon": {
        "paths": [
          "M512 0c-282.77 0-512 229.23-512 512s229.23 512 512 512c282.77 0 512-229.23 512-512v0c0-282.77-229.23-512-512-512v0zM512 930.918c-231.362 0-418.918-187.556-418.918-418.918s187.556-418.918 418.918-418.918c231.362 0 418.918 187.556 418.918 418.918v0c0 231.362-187.556 418.918-418.918 418.918v0zM635.648 385.997l-164.608 164.531-65.818-65.818c-8.423-8.42-20.058-13.628-32.909-13.628-25.708 0-46.549 20.841-46.549 46.549 0 12.857 5.213 24.497 13.64 32.921l98.714 98.688c8.422 8.422 20.057 13.631 32.909 13.631s24.487-5.209 32.909-13.631l197.504-197.453c8.824-8.483 14.306-20.387 14.306-33.571 0-25.704-20.837-46.541-46.541-46.541-13.191 0-25.099 5.487-33.568 14.304l-0.015 0.016z"
        ],
        "attrs": [
          {}
        ],
        "isMulticolor": false,
        "isMulticolor2": false,
        "grid": 0,
        "tags": [
          "circle-check_01"
        ],
        "colorPermutations": {
          "117214572125500125525525513646451": [
            {}
          ]
        }
      },
      "attrs": [
        {}
      ],
      "properties": {
        "order": 4,
        "id": 15,
        "name": "circle-check_01",
        "prevSize": 32,
        "code": 59648
      },
      "setIdx": 4,
      "setId": 2,
      "iconIdx": 0
    },
    {
      "icon": {
        "paths": [
          "M1454.712 0h-1415.506c-0.021-0-0.045-0-0.069-0-21.615 0-39.137 17.522-39.137 39.137 0 0.048 0 0.097 0 0.145l-0-0.008v945.451c-0 0.041-0 0.089-0 0.138 0 21.615 17.522 39.137 39.137 39.137 0.024 0 0.049-0 0.073-0l-0.004 0h1415.506c0.021 0 0.045 0 0.069 0 21.615 0 39.137-17.522 39.137-39.137 0-0.048-0-0.097-0-0.145l0 0.008v-945.451c-0.039-21.651-17.56-39.196-39.198-39.275l-0.007-0zM1184.613 945.451h-875.308c-19.319-114.664-113.462-202.34-229.697-211.579l-0.886-0.057v-443.218c117.151-9.305 211.308-97.030 230.376-210.25l0.207-1.488h875.308c19.276 114.708 113.433 202.433 229.697 211.682l0.887 0.057v443.218c-117.074 9.407-211.159 97.026-230.373 210.139l-0.21 1.497zM1415.437 211.635c-73.89-8.381-133.314-61.725-150.645-131.677l-0.252-1.202h150.897zM229.274 78.859c-17.584 71.155-77.008 124.498-150.095 132.805l-0.802 0.074v-132.879zM78.377 812.675c73.89 8.381 133.314 61.725 150.645 131.677l0.252 1.202h-150.897zM1264.609 945.554c17.584-71.155 77.008-124.498 150.095-132.805l0.802-0.074v132.879z",
          "M746.942 308.616c-93.742 0-170.156 91.296-170.156 203.539s76.413 203.539 170.156 203.539 170.156-91.296 170.156-203.539-76.413-203.539-170.156-203.539zM746.942 636.869c-49.645 0-91.779-57.258-91.779-124.68s41.824-124.714 91.779-124.714 91.675 57.293 91.675 124.714-42.031 124.68-91.675 124.68z"
        ],
        "attrs": [
          {},
          {}
        ],
        "width": 1494,
        "isMulticolor": false,
        "isMulticolor2": false,
        "grid": 0,
        "tags": [
          "dolla-bill-yall"
        ],
        "colorPermutations": {
          "117214572125500125525525513646451": [
            {},
            {}
          ]
        }
      },
      "attrs": [
        {},
        {}
      ],
      "properties": {
        "order": 5,
        "id": 14,
        "name": "dolla-bill-yall",
        "prevSize": 32,
        "code": 59649
      },
      "setIdx": 4,
      "setId": 2,
      "iconIdx": 1
    },
    {
      "icon": {
        "paths": [
          "M910.222 0h-796.444c-62.76 0.193-113.584 51.018-113.778 113.759l-0 0.019v796.444c0.161 62.773 51.005 113.616 113.762 113.778l0.015 0h398.222v-398.222h-113.778v-140.8h113.778v-116.622c-0.498-5.204-0.781-11.252-0.781-17.367 0-106.824 86.598-193.422 193.422-193.422 7.611 0 15.12 0.44 22.502 1.295l-0.899-0.085h102.4v148.423h-68.267c-0.85-0.034-1.848-0.054-2.85-0.054-41.504 0-75.15 33.646-75.15 75.15 0 2.322 0.105 4.62 0.311 6.888l-0.021-0.292v96.142h146.091l-32.313 140.743h-113.778v398.222h227.556c62.773-0.161 113.616-51.005 113.778-113.762l0-0.015v-796.444c-0.193-62.76-51.018-113.584-113.759-113.778l-0.019-0z"
        ],
        "attrs": [],
        "isMulticolor": false,
        "isMulticolor2": false,
        "grid": 0,
        "tags": [
          "facebook"
        ],
        "colorPermutations": {}
      },
      "attrs": [],
      "properties": {
        "order": 6,
        "id": 13,
        "name": "facebook",
        "prevSize": 32,
        "code": 59650
      },
      "setIdx": 4,
      "setId": 2,
      "iconIdx": 2
    },
    {
      "icon": {
        "paths": [
          "M1020.928 300.885c-0.889-44.956-9.534-87.63-24.646-127.105l0.866 2.575c-13.577-35.487-33.662-65.737-59.014-90.645l-0.036-0.036c-24.896-25.278-55.067-45.284-88.736-58.242l-1.717-0.581c-36.829-14.219-79.421-22.862-123.912-23.773l-0.39-0.006c-54.841-2.503-72.306-3.072-211.342-3.072s-156.501 0.569-211.115 3.072c-44.956 0.889-87.63 9.534-127.105 24.646l2.575-0.866c-35.38 13.629-65.531 33.727-90.355 59.065l-0.041 0.042c-25.38 24.865-45.478 55.017-58.524 88.684l-0.584 1.713c-14.219 36.829-22.862 79.421-23.773 123.912l-0.006 0.39c-2.503 54.841-3.072 72.306-3.072 211.342s0.569 156.501 3.072 211.115c0.889 44.956 9.534 87.63 24.646 127.105l-0.866-2.575c13.577 35.487 33.662 65.737 59.014 90.645l0.036 0.036c24.895 25.279 55.066 45.286 88.737 58.242l1.717 0.581c36.829 14.219 79.421 22.862 123.912 23.773l0.39 0.006c54.841 2.503 72.306 3.072 211.342 3.072s156.501-0.569 211.115-3.072c44.881-0.917 87.474-9.56 126.878-24.646l-2.576 0.866c68.94-27.125 122.507-80.617 149.113-147.734l0.619-1.77c14.219-36.829 22.862-79.421 23.773-123.912l0.006-0.39c2.503-54.841 3.072-72.306 3.072-211.342s-0.569-156.501-3.072-211.115zM928.768 718.848c-0.42 34.241-6.851 66.855-18.283 97.008l0.648-1.947c-17.603 44.783-52.383 79.563-96.017 96.767l-1.15 0.399c-28.206 10.783-60.82 17.215-94.881 17.634l-0.18 0.002c-53.988 2.446-70.201 2.958-206.905 2.958s-152.917-0.512-206.905-2.958c-34.241-0.421-66.855-6.852-97.008-18.283l1.947 0.648c-23.089-8.659-42.756-21.705-58.844-38.249l-0.036-0.037c-16.582-16.124-29.628-35.791-37.925-57.788l-0.361-1.092c-10.784-28.207-17.216-60.821-17.634-94.882l-0.002-0.179c-2.446-53.931-2.958-70.315-2.958-206.848s0.512-152.917 2.958-206.905c0.421-34.241 6.852-66.855 18.283-97.008l-0.648 1.947c8.659-23.089 21.705-42.756 38.249-58.844l0.037-0.036c16.124-16.582 35.791-29.628 57.788-37.925l1.092-0.361c28.206-10.783 60.82-17.215 94.881-17.634l0.18-0.002c53.988-2.446 70.372-2.958 206.905-2.958s152.917 0.512 206.905 2.958c34.241 0.421 66.855 6.852 97.008 18.283l-1.947-0.648c23.089 8.659 42.756 21.705 58.844 38.249l0.036 0.037c16.582 16.124 29.628 35.791 37.925 57.788l0.361 1.092c10.783 28.206 17.215 60.82 17.634 94.881l0.002 0.18c2.446 53.988 2.958 70.201 2.958 206.905s-0.512 152.917-2.958 206.905zM512 249.060c-145.218 0-262.94 117.722-262.94 262.94s117.722 262.94 262.94 262.94c145.218 0 262.94-117.722 262.94-262.94v0c0-145.218-117.722-262.94-262.94-262.94v0zM512 682.667c-94.257 0-170.667-76.41-170.667-170.667s76.41-170.667 170.667-170.667c94.257 0 170.667 76.41 170.667 170.667v0c0 94.257-76.41 170.667-170.667 170.667v0zM846.734 238.933c0 33.932-27.508 61.44-61.44 61.44s-61.44-27.508-61.44-61.44c0-33.932 27.508-61.44 61.44-61.44v0c33.932 0 61.44 27.508 61.44 61.44v0z"
        ],
        "attrs": [],
        "isMulticolor": false,
        "isMulticolor2": false,
        "grid": 0,
        "tags": [
          "instagram"
        ],
        "colorPermutations": {}
      },
      "attrs": [],
      "properties": {
        "order": 7,
        "id": 12,
        "name": "instagram",
        "prevSize": 32,
        "code": 59651
      },
      "setIdx": 4,
      "setId": 2,
      "iconIdx": 3
    },
    {
      "icon": {
        "paths": [
          "M1594.123 717.982c65.322 63.075 124.636 131.453 177.57 204.744l3.067 4.462c0.663 0.899 1.21 1.938 1.588 3.054l0.024 0.080c8.705 10.49 13.988 24.093 13.988 38.93 0 6.732-1.087 13.209-3.096 19.267l0.124-0.432c-16.133 19.963-39.748 33.323-66.518 35.795l-0.381 0.028h-255.776c-37.9-1.669-72.423-14.868-100.481-36.147l0.445 0.324c-38.141-30.464-71.603-64.097-100.925-101.155l-0.991-1.299c-49.615-57.585-92.513-107.469-135.948-107.469-0.031-0-0.068-0-0.105-0-5.736 0-11.242 0.984-16.359 2.793l0.343-0.106c-32.868 10.389-74.601 57.227-74.601 181.981 0.041 0.826 0.065 1.793 0.065 2.765 0 30.247-22.823 55.164-52.188 58.467l-0.268 0.024h-117.32c-172.22-10.676-324.355-88.76-431.794-207.927l-0.499-0.563c-225.953-238.044-428.891-715.564-430.861-719.773-12.18-30.897 13.881-47.734 42.54-47.734h258.732c0.548-0.020 1.193-0.031 1.84-0.031 24.719 0 45.54 16.691 51.806 39.418l0.089 0.377c32.81 81.19 65.854 148.584 102.97 213.347l-4.457-8.44c89.557 157.8 145.173 222.013 189.324 222.013 0.041 0 0.090 0 0.138 0 8.651 0 16.758-2.327 23.729-6.39l-0.225 0.121c57.496-31.703 46.749-237.685 44.062-280.136 0.080-2.474 0.126-5.383 0.126-8.302 0-45.306-11.005-88.042-30.488-125.68l0.719 1.527c-19.49-23.486-46.948-39.766-78.18-44.685l-0.72-0.093c8.859-12.172 20.273-21.953 33.5-28.682l0.532-0.245c44.282-15.054 95.29-23.743 148.327-23.743 11.748 0 23.396 0.426 34.93 1.264l-1.545-0.090h39.316c4.83-0.191 10.501-0.301 16.198-0.301 38.605 0 76.040 5.011 111.689 14.417l-3.044-0.683c56.242 13.434 57.317 49.884 52.391 174.010-1.433 35.823-2.955 75.407-2.955 122.425 0 10.030-0.448 21.225-0.448 32.599-1.702 63.675-3.941 135.411 41.017 164.875 5.504 3.484 12.205 5.553 19.389 5.553 0.016 0 0.032-0 0.047-0l-0.002 0c15.583 0 62.242 0 188.787-217.177 34.795-60.534 68.914-132.184 97.704-206.491l3.764-11.044c4.601-9.426 11.083-17.285 19.010-23.35l0.155-0.114c5.834-3.166 12.775-5.027 20.149-5.027 0.347 0 0.693 0.004 1.038 0.012l-0.051-0.001h304.048c33.136 0 55.615 5.015 60.003 17.911 7.344 20.33-1.433 82.393-140.247 270.105-23.374 31.256-43.883 58.302-61.884 81.945-126.007 164.786-126.007 173.294 7.075 298.674z"
        ],
        "attrs": [],
        "width": 1791,
        "isMulticolor": false,
        "isMulticolor2": false,
        "grid": 0,
        "tags": [
          "vk"
        ],
        "colorPermutations": {}
      },
      "attrs": [],
      "properties": {
        "order": 15,
        "id": 1,
        "name": "vk",
        "prevSize": 32,
        "code": 59659
      },
      "setIdx": 4,
      "setId": 2,
      "iconIdx": 5
    }
  ],
  "height": 1024,
  "metadata": {
    "name": "icomoon"
  },
  "preferences": {
    "showGlyphs": true,
    "showQuickUse": true,
    "showQuickUse2": true,
    "showSVGs": true,
    "fontPref": {
      "prefix": "icon-",
      "metadata": {
        "fontFamily": "icomoon"
      },
      "metrics": {
        "emSize": 1024,
        "baseline": 6.25,
        "whitespace": 50
      },
      "embed": false
    },
    "imagePref": {
      "prefix": "icon-",
      "png": true,
      "useClassSelector": true,
      "color": 0,
      "bgColor": 16777215,
      "classSelector": ".icon"
    },
    "historySize": 50,
    "showCodes": true,
    "gridSize": 16
  }
}